代码,名称
002163,海南发展
002253,川大智胜
002912,中新赛克
00700,腾讯控股
01810,小米集团-W
03690,美团-W
09988,阿里巴巴-W
159326,电网设备ETF华夏
159399,现金流ETF国泰
159698,粮食ETF鹏华
300475,香农芯创
301308,江波龙
510300,沪深300ETF华泰柏瑞
510500,中证500ETF南方
510720,红利国企ETF国泰
511260,十年国债ETF国泰
512400,有色金属ETF南方
512660,军工ETF国泰
512930,AI人工智能ETF平安
513050,中概互联网ETF易方达
513300,纳斯达克ETF华夏
513500,标普500ETF博时
513600,恒生指数ETF南方
513820,港股通红利ETF汇添富
513880,日经225ETF华安
516010,游戏ETF国泰
518880,黄金ETF华安
520500,恒生创新药ETF华泰柏瑞
562500,机器人ETF华夏
562920,信息安全ETF易方达
588080,科创50ETF易方达
588790,科创AIETF博时
600036,招商银行
600900,长江电力
600938,中国海油
601727,上海电气
601888,中国中免
688981,中芯国际
512100,中证1000ETF南方
513530,港股通红利ETF华泰柏瑞
